Feature,Mean_Absolute_SHAP
categorical__business_type_Retailers - other,0.2497678
numeric__deprivation_score_uk,0.24189802
categorical__business_type_Hospitals/Childcare/Caring Premises,0.16552192
categorical__business_type_School/college/university,0.15246992
categorical__region_code_E12000007,0.13614377
categorical__business_type_Takeaway/sandwich shop,0.10220847
numeric__longitude_missing,0.09754325
numeric__latitude,0.078998044
numeric__longitude,0.0654309
categorical__local_authority_name_Birmingham,0.050028216
categorical__country_code_S92000003,0.046985094
categorical__business_type_Other catering premises,0.046957206
categorical__business_type_Restaurant/Cafe/Canteen,0.04549382
numeric__deprivation_missing,0.03319171
categorical__region_code_E12000009,0.02996067
categorical__region_code_E12000006,0.020652758
categorical__region_code_S92000003,0.020162886
categorical__region_code_E12000004,0.018413171
categorical__country_code_UNKNOWN,0.017947882
categorical__business_type_Pub/bar/nightclub,0.017258305
categorical__local_authority_name_Edinburgh (City of),0.016779134
categorical__local_authority_name_Northumberland,0.01562567
categorical__region_code_E12000001,0.015026593
categorical__local_authority_name_Ealing,0.014945458
categorical__region_code_E12000002,0.012526492
categorical__local_authority_name_Newham,0.012019801
categorical__local_authority_name_Haringey,0.01077577
categorical__local_authority_name_South Lanarkshire,0.009824679
categorical__local_authority_name_Kensington and Chelsea,0.008757031
categorical__local_authority_name_Liverpool,0.008415494
categorical__local_authority_name_Cheshire East,0.00836865
categorical__local_authority_name_Highland,0.008289482
categorical__local_authority_name_Dorset,0.008284111
categorical__local_authority_name_Portsmouth,0.008071841
categorical__local_authority_name_Glasgow City,0.007773894
categorical__local_authority_name_West Northamptonshire,0.0072428053
categorical__local_authority_name_Bristol,0.006978954
numeric__latitude_missing,0.006534542
categorical__local_authority_name_Renfrewshire,0.0063945143
categorical__local_authority_name_Newcastle Upon Tyne,0.0062863464
categorical__local_authority_name_Enfield,0.0061971187
categorical__local_authority_name_Stockton On Tees,0.0061052227
categorical__region_code_E12000005,0.005842531
categorical__local_authority_name_Fife,0.005647692
categorical__local_authority_name_Aberdeenshire,0.0052860514
categorical__local_authority_name_Bromley,0.005194469
categorical__local_authority_name_Manchester,0.0047564916
categorical__local_authority_name_Westminster,0.0046208147
categorical__local_authority_name_Bolton,0.004576738
categorical__local_authority_name_Blackburn,0.004503519
categorical__local_authority_name_Falkirk,0.0044357562
categorical__local_authority_name_Preston,0.0044322857
categorical__local_authority_name_Hammersmith and Fulham,0.00436976
categorical__local_authority_name_North Lanarkshire,0.0042895223
categorical__local_authority_name_Wigan,0.0042133024
categorical__local_authority_name_North Somerset,0.0039655217
categorical__business_type_Hotel/bed & breakfast/guest house,0.0039251554
categorical__local_authority_name_Rochdale,0.0038850605
categorical__local_authority_name_Gateshead,0.0038761136
categorical__local_authority_name_Westmorland and Furness,0.0038689277
categorical__local_authority_name_Rotherham,0.0038480004
categorical__local_authority_name_Ashfield,0.0038350094
categorical__region_code_E12000003,0.0037895187
categorical__local_authority_name_Camden,0.003740757
categorical__local_authority_name_Cumberland,0.00358653
categorical__country_code_E92000001,0.0035700093
categorical__local_authority_name_East Lindsey,0.003459011
categorical__local_authority_name_Walsall,0.003435559
categorical__local_authority_name_Stockport,0.003371629
categorical__local_authority_name_Redbridge,0.003325581
categorical__local_authority_name_Caerphilly,0.0031275954
categorical__local_authority_name_Knowsley,0.0029389302
categorical__local_authority_name_Aberdeen City,0.0029300204
categorical__local_authority_name_Sefton,0.0029063893
categorical__local_authority_name_West Lothian,0.002690464
categorical__local_authority_name_Moray,0.0026832197
categorical__local_authority_name_Thanet,0.0026768206
categorical__local_authority_name_Nottingham City,0.0024596886
categorical__local_authority_name_Reading,0.0024358954
categorical__local_authority_name_Hillingdon,0.0024283251
categorical__region_code_E12000008,0.0023209385
categorical__local_authority_name_Brighton and Hove,0.002291676
categorical__local_authority_name_South Ayrshire,0.0022796507
categorical__country_code_N92000002,0.0022370708
categorical__local_authority_name_Rugby,0.0022341951
categorical__local_authority_name_Blackpool,0.002189464
categorical__local_authority_name_Leeds,0.0021843938
categorical__local_authority_name_Waltham Forest,0.002173716
categorical__local_authority_name_Pembrokeshire,0.0021367657
categorical__local_authority_name_Hyndburn,0.002116901
categorical__local_authority_name_Hartlepool,0.0021005394
categorical__local_authority_name_East Cambridgeshire,0.002036131
categorical__local_authority_name_Wolverhampton,0.0020169702
categorical__local_authority_name_Bassetlaw,0.0020011214
categorical__local_authority_name_Windsor and Maidenhead,0.001987963
categorical__local_authority_name_Bath and North East Somerset,0.0019572782
categorical__local_authority_name_Pendle,0.0019447794
categorical__local_authority_name_Lambeth,0.0018881222
categorical__local_authority_name_Waverley,0.0018866884
categorical__local_authority_name_Dudley,0.001885695
categorical__local_authority_name_Chichester,0.0018681786
categorical__local_authority_name_Great Yarmouth,0.0018585738
categorical__local_authority_name_Wealden,0.0018541529
categorical__local_authority_name_Stoke-On-Trent,0.0018203404
categorical__local_authority_name_Wandsworth,0.001793574
categorical__local_authority_name_Tower Hamlets,0.001790923
categorical__local_authority_name_Ceredigion,0.001780418
categorical__local_authority_name_Woking,0.0017731049
categorical__local_authority_name_King's Lynn and West Norfolk,0.0017586212
categorical__local_authority_name_Worthing,0.0017357096
categorical__local_authority_name_Dover,0.0017023439
categorical__local_authority_name_Salford,0.0016073437
categorical__local_authority_name_Cardiff,0.0015914269
categorical__local_authority_name_Reigate and Banstead,0.0015683285
categorical__local_authority_name_Greenwich,0.0015566123
categorical__region_code_UNKNOWN,0.0015543203
categorical__local_authority_name_Rother,0.001537883
categorical__local_authority_name_Islington,0.0014726928
categorical__local_authority_name_Medway,0.0014651138
categorical__local_authority_name_Perth and Kinross,0.0014222258
categorical__local_authority_name_Derry City and Strabane,0.0014081566
categorical__country_code_W92000004,0.0014058221
categorical__local_authority_name_Powys,0.0013856417
categorical__local_authority_name_Wrexham,0.001382441
categorical__local_authority_name_Derbyshire Dales,0.001371277
categorical__local_authority_name_Newcastle-Under-Lyme,0.0013425143
categorical__local_authority_name_Mid and East Antrim,0.0012953095
categorical__local_authority_name_Warrington,0.0012868216
categorical__local_authority_name_Croydon,0.001261925
categorical__local_authority_name_Barnet,0.0012596796
categorical__local_authority_name_Belfast City,0.0012495868
categorical__local_authority_name_Wiltshire,0.001237327
categorical__local_authority_name_Somerset,0.0012341244
categorical__local_authority_name_Chorley,0.0011986528
categorical__local_authority_name_Vale of Glamorgan,0.0011472482
categorical__business_type_Manufacturers/packers,0.0011150939
categorical__local_authority_name_Stafford,0.0011009162
categorical__local_authority_name_Cotswold,0.0010978113
categorical__region_code_N99999999,0.0010240095
categorical__local_authority_name_Eastleigh,0.0010191711
categorical__local_authority_name_Mid Devon,0.0010100207
categorical__local_authority_name_Basildon,0.0009944546
categorical__business_type_Retailers - supermarkets/hypermarkets,0.0009810484
categorical__local_authority_name_North Devon,0.000980581
categorical__local_authority_name_East Staffordshire,0.0009527728
categorical__local_authority_name_South Hams,0.0009373537
categorical__local_authority_name_Doncaster,0.0009045309
categorical__local_authority_name_Lichfield,0.0009020416
categorical__local_authority_name_Wyre,0.0008935113
categorical__local_authority_name_East Riding of Yorkshire,0.00086951343
categorical__local_authority_name_Barnsley,0.00083501264
categorical__business_type_Mobile caterer,0.00083435804
categorical__local_authority_name_Thurrock,0.00081852893
categorical__region_code_W99999999,0.00081193267
categorical__local_authority_name_Newport,0.00080220297
categorical__local_authority_name_Solihull,0.0008019883
categorical__local_authority_name_Midlothian,0.00080198667
categorical__local_authority_name_Sandwell,0.00078888587
categorical__local_authority_name_West Dunbartonshire,0.0007828159
categorical__local_authority_name_Blaenau Gwent,0.0007706868
categorical__local_authority_name_Shetland Islands,0.00075724244
categorical__local_authority_name_Gravesham,0.0007421756
categorical__local_authority_name_Tameside,0.0007213965
categorical__local_authority_name_York,0.0007141604
categorical__local_authority_name_Stirling,0.00071190624
categorical__local_authority_name_Sheffield,0.0007066488
categorical__local_authority_name_East Renfrewshire,0.0006936607
categorical__local_authority_name_Gwynedd,0.0006603856
categorical__local_authority_name_Worcester City,0.0006476563
categorical__local_authority_name_Guildford,0.0006362991
categorical__local_authority_name_West Oxfordshire,0.00063518283
categorical__local_authority_name_Cannock Chase,0.0006212193
categorical__local_authority_name_Middlesbrough,0.00062072085
categorical__local_authority_name_Havant,0.0006089675
categorical__local_authority_name_Nuneaton and Bedworth,0.0006063811
categorical__local_authority_name_West Lindsey,0.000597406
categorical__local_authority_name_Dartford,0.00052371953
categorical__local_authority_name_Torfaen,0.00050797
categorical__local_authority_name_East Dunbartonshire,0.0005022017
categorical__local_authority_name_Harrow,0.0004991568
categorical__local_authority_name_Cheltenham,0.00048112046
categorical__local_authority_name_Inverclyde,0.00048055686
categorical__local_authority_name_Southwark,0.00046398715
categorical__local_authority_name_Rossendale,0.00044874588
categorical__local_authority_name_Brent,0.00044461002
categorical__local_authority_name_Elmbridge,0.00041460642
"categorical__local_authority_name_Bournemouth, Christchurch and Poole",0.0004101215
categorical__local_authority_name_Mid Ulster,0.00040014344
categorical__local_authority_name_Redcar and Cleveland,0.00039889966
categorical__local_authority_name_High Peak,0.00039411362
categorical__local_authority_name_Bury,0.00039100868
categorical__local_authority_name_Lancaster City,0.00038216787
categorical__local_authority_name_Peterborough City,0.00036664645
categorical__local_authority_name_North Yorkshire,0.0003652221
categorical__local_authority_name_Merton,0.0003309699
categorical__local_authority_name_Herefordshire,0.00032480224
categorical__local_authority_name_North East Derbyshire,0.00032123137
categorical__local_authority_name_Cambridge City,0.0003095538
categorical__local_authority_name_Oldham,0.00030816416
categorical__local_authority_name_Hackney,0.00029767363
categorical__local_authority_name_North Lincolnshire,0.00029158243
categorical__local_authority_name_East Lothian,0.00029125373
categorical__local_authority_name_Cornwall,0.00028924362
categorical__local_authority_name_Durham,0.00026925097
categorical__local_authority_name_Fermanagh and Omagh,0.0002641492
categorical__local_authority_name_Stroud,0.0002472982
categorical__local_authority_name_Leicester City,0.00023918788
categorical__local_authority_name_Lewisham,0.00023812182
categorical__local_authority_name_Calderdale,0.00022916036
categorical__local_authority_name_City of London Corporation,0.00022744687
categorical__local_authority_name_Luton,0.00022454972
"categorical__local_authority_name_Newry, Mourne and Down",0.0002209888
categorical__local_authority_name_Monmouthshire,0.00021590278
categorical__local_authority_name_Arun,0.00020142582
categorical__local_authority_name_Swindon,0.00020044329
categorical__local_authority_name_Tendring,0.00019412606
categorical__local_authority_name_Derby City,0.00018830317
categorical__local_authority_name_Sunderland,0.00018827808
categorical__local_authority_name_Bedford,0.00018084628
categorical__local_authority_name_Anglesey,0.00017965688
categorical__local_authority_name_Milton Keynes,0.00017859909
categorical__local_authority_name_Lincoln City,0.00017548028
categorical__local_authority_name_Mid Sussex,0.00017232468
categorical__local_authority_name_Test Valley,0.00016685725
categorical__local_authority_name_Maidstone,0.00016223991
categorical__local_authority_name_Carmarthenshire,0.0001618819
categorical__local_authority_name_Hastings,0.00015989716
categorical__local_authority_name_St Albans City,0.0001586282
categorical__local_authority_name_Dacorum,0.0001547131
categorical__local_authority_name_Cherwell,0.00014671785
categorical__local_authority_name_Castle Point,0.0001446762
categorical__local_authority_name_North East Lincolnshire,0.0001411768
categorical__local_authority_name_Slough,0.00013905932
categorical__local_authority_name_Erewash,0.00012182444
categorical__local_authority_name_Torridge,0.00012101504
categorical__local_authority_name_Wychavon,0.000118101016
categorical__local_authority_name_Newark and Sherwood,0.00011652504
categorical__local_authority_name_Ribble Valley,0.000111737594
categorical__local_authority_name_Hertsmere,0.00011042086
categorical__local_authority_name_Torbay,0.000107985856
categorical__local_authority_name_Trafford,0.00010580816
categorical__local_authority_name_Fenland,0.00010528852
categorical__local_authority_name_Mansfield,9.383016e-05
categorical__local_authority_name_Dundee City,6.554255e-05
categorical__local_authority_name_Angus,5.3874068e-05
categorical__local_authority_name_Tewkesbury,0.0
categorical__local_authority_name_Sutton,0.0
categorical__local_authority_name_Swansea,0.0
categorical__local_authority_name_Swale,0.0
categorical__local_authority_name_Surrey Heath,0.0
categorical__local_authority_name_Canterbury City,0.0
categorical__local_authority_name_Fylde,0.0
categorical__local_authority_name_Hounslow,0.0
categorical__local_authority_name_Warwick,0.0
categorical__local_authority_name_Watford,0.0
categorical__local_authority_name_Stratford-on-Avon,0.0
categorical__local_authority_name_Horsham,0.0
categorical__local_authority_name_Vale of White Horse,0.0
categorical__local_authority_name_Wakefield,0.0
categorical__local_authority_name_Chelmsford,0.0
categorical__local_authority_name_Causeway Coast and Glens,0.0
categorical__local_authority_name_Uttlesford,0.0
categorical__local_authority_name_Tunbridge Wells,0.0
categorical__local_authority_name_Central Bedfordshire,0.0
categorical__local_authority_name_Tamworth,0.0
categorical__local_authority_name_Tandridge,0.0
categorical__local_authority_name_Hinckley and Bosworth,0.0
categorical__local_authority_name_Tonbridge and Malling,0.0
categorical__local_authority_name_Teignbridge,0.0
categorical__local_authority_name_Gedling,0.0
categorical__local_authority_name_Telford and Wrekin Council,0.0
categorical__local_authority_name_Three Rivers,0.0
categorical__local_authority_name_Charnwood,0.0
categorical__local_authority_name_Gloucester City,0.0
categorical__local_authority_name_Welwyn Hatfield,0.0
categorical__local_authority_name_Braintree,0.0
categorical__local_authority_name_Harborough,0.0
categorical__local_authority_name_Bradford,0.0
categorical__local_authority_name_Bracknell Forest,0.0
categorical__local_authority_name_Gosport,0.0
categorical__local_authority_name_Boston,0.0
categorical__local_authority_name_Bolsover,0.0
categorical__local_authority_name_Halton,0.0
categorical__local_authority_name_Blaby,0.0
"categorical__local_authority_name_Armagh City, Banbridge and Craigavon",0.0
categorical__business_type_Importers/Exporters,0.0
categorical__local_authority_name_Bexley,0.0
categorical__business_type_Farmers/growers,0.0
categorical__local_authority_name_Basingstoke and Deane,0.0
categorical__business_type_Distributors/Transporters,0.0
categorical__local_authority_name_Barking and Dagenham,0.0
categorical__local_authority_name_Babergh,0.0
categorical__local_authority_name_Ashford,0.0
categorical__local_authority_name_Wyre Forest,0.0
categorical__local_authority_name_Breckland,0.0
categorical__local_authority_name_West Berkshire,0.0
categorical__local_authority_name_Antrim and Newtownabbey,0.0
categorical__local_authority_name_West Devon,0.0
categorical__local_authority_name_Havering,0.0
categorical__local_authority_name_West Lancashire,0.0
categorical__local_authority_name_Burnley,0.0
categorical__local_authority_name_Hart,0.0
categorical__local_authority_name_West Suffolk,0.0
categorical__local_authority_name_Buckinghamshire,0.0
categorical__local_authority_name_Broxtowe,0.0
categorical__local_authority_name_Broxbourne,0.0
categorical__local_authority_name_Bromsgrove,0.0
categorical__local_authority_name_Winchester City,0.0
categorical__local_authority_name_Broadland,0.0
categorical__local_authority_name_Wirral,0.0
categorical__local_authority_name_Bridgend,0.0
categorical__local_authority_name_Wokingham,0.0
categorical__local_authority_name_Brentwood,0.0
categorical__local_authority_name_Harlow,0.0
categorical__local_authority_name_Hull City,0.0
categorical__local_authority_name_Huntingdonshire,0.0
categorical__local_authority_name_Cheshire West and Chester,0.0
categorical__local_authority_name_Exeter City,0.0
categorical__local_authority_name_North West Leicestershire,0.0
categorical__local_authority_name_Adur,0.0
categorical__local_authority_name_Norwich City,0.0
categorical__local_authority_name_East Hampshire,0.0
categorical__local_authority_name_Lisburn and Castlereagh City,0.0
categorical__local_authority_name_Oadby and Wigston,0.0
categorical__local_authority_name_Orkney Islands,0.0
categorical__local_authority_name_Oxford City,0.0
categorical__local_authority_name_East Devon,0.0
categorical__local_authority_name_Rhondda Cynon Taf,0.0
categorical__local_authority_name_East Ayrshire,0.0
categorical__local_authority_name_Lewes,0.0
categorical__local_authority_name_Plymouth City,0.0
categorical__local_authority_name_Argyll and Bute,0.0
categorical__local_authority_name_Fareham,0.0
categorical__local_authority_name_Dumfries and Galloway,0.0
categorical__local_authority_name_Redditch,0.0
categorical__local_authority_name_Denbighshire,0.0
categorical__local_authority_name_North Warwickshire,0.0
categorical__local_authority_name_North Tyneside,0.0
categorical__local_authority_name_East Hertfordshire,0.0
categorical__local_authority_name_North Northamptonshire,0.0
categorical__local_authority_name_Epping Forest,0.0
categorical__local_authority_name_Merthyr Tydfil,0.0
categorical__local_authority_name_Mole Valley,0.0
categorical__local_authority_name_Melton,0.0
categorical__local_authority_name_Ards and North Down,0.0
categorical__local_authority_name_Neath Port Talbot,0.0
categorical__local_authority_name_New Forest,0.0
categorical__local_authority_name_Eastbourne,0.0
categorical__local_authority_name_East Suffolk,0.0
categorical__local_authority_name_Amber Valley,0.0
categorical__local_authority_name_Epsom and Ewell,0.0
categorical__local_authority_name_North Ayrshire,0.0
categorical__local_authority_name_Malvern Hills,0.0
categorical__local_authority_name_North Hertfordshire,0.0
categorical__local_authority_name_North Kesteven,0.0
categorical__local_authority_name_Maldon,0.0
categorical__local_authority_name_North Norfolk,0.0
categorical__local_authority_name_Kirklees,0.0
categorical__local_authority_name_Richmond-Upon-Thames,0.0
categorical__local_authority_name_Hull and Goole Port,0.0
categorical__local_authority_name_South Staffordshire,0.0
categorical__local_authority_name_South Gloucestershire,0.0
categorical__local_authority_name_Clackmannanshire,0.0
categorical__local_authority_name_South Holland,0.0
categorical__local_authority_name_South Kesteven,0.0
categorical__local_authority_name_Forest of Dean,0.0
categorical__local_authority_name_South Norfolk,0.0
categorical__local_authority_name_South Oxfordshire,0.0
categorical__local_authority_name_South Ribble,0.0
categorical__local_authority_name_South Tyneside,0.0
categorical__local_authority_name_River Tees,0.0
categorical__local_authority_name_Southampton,0.0
categorical__local_authority_name_Southend-On-Sea,0.0
categorical__local_authority_name_Mid Suffolk,0.0
categorical__local_authority_name_Spelthorne,0.0
categorical__local_authority_name_St Helens,0.0
categorical__local_authority_name_Chesterfield,0.0
categorical__local_authority_name_Staffordshire Moorlands,0.0
categorical__local_authority_name_Stevenage,0.0
categorical__local_authority_name_South Derbyshire,0.0
categorical__local_authority_name_South Cambridgeshire,0.0
categorical__local_authority_name_Colchester,0.0
categorical__local_authority_name_Comhairle nan Eilean Siar (Western Isles),0.0
categorical__local_authority_name_Darlington,0.0
categorical__local_authority_name_Rochford,0.0
categorical__local_authority_name_Kingston-Upon-Thames,0.0
categorical__local_authority_name_Crawley,0.0
categorical__local_authority_name_Coventry,0.0
categorical__local_authority_name_Flintshire,0.0
categorical__local_authority_name_Rushcliffe,0.0
categorical__local_authority_name_Rushmoor,0.0
categorical__local_authority_name_Rutland,0.0
categorical__local_authority_name_Folkestone and Hythe,0.0
categorical__local_authority_name_Scottish Borders,0.0
categorical__local_authority_name_Conwy,0.0
categorical__local_authority_name_Sevenoaks,0.0
categorical__local_authority_name_Isles of Scilly,0.0
categorical__local_authority_name_Isle of Wight,0.0
categorical__local_authority_name_Shropshire,0.0
categorical__local_authority_name_Ipswich,0.0
categorical__local_authority_name_Runnymede,0.0
